"Gene","CellType","Source"
"ENSG00000276850 - novel transcript","global_age","01_top20_global_age_SIMPLE_LIST.txt"
"PGGHG - Enables protein-glucosylgalactosylhydroxylysine glucosidase activity. Involved in carbohydrate metabolic process.","global_age","01_top20_global_age_SIMPLE_LIST.txt"
"THUMPD3 - Enables tRNA (guanine(6)-N2)-methyltransferase activity and tRNA (guanine(7)-N2)-methyltransferase activity. Involved in tRNA methylation.","global_age","01_top20_global_age_SIMPLE_LIST.txt"
"TBPL1 - This gene encodes a member of the TATA box-binding protein family.","global_age","01_top20_global_age_SIMPLE_LIST.txt"
"ENSG00000275234 - (Novel Transcript, Antisense To DENND1C) is an RNA Gene, and is affiliated with the lncRNA class","global_age","01_top20_global_age_SIMPLE_LIST.txt"
"IKZF4 - Ikaros family of transcription factors, which includes Eos, are expressed in lymphocytes and are implicated in the control of lymphoid development","global_age","01_top20_global_age_SIMPLE_LIST.txt"
"ENSG00000278291 - (Novel Transcript, Antisense To IL17D) is an RNA Gene, and is affiliated with the lncRNA class.","global_age","01_top20_global_age_SIMPLE_LIST.txt"
"FAM210A - Located in mitochondrion. May play a role in the structure and strength of both muscle and bone.","global_age","01_top20_global_age_SIMPLE_LIST.txt"
"SPATA6 - Predicted to enable myosin light chain binding activity. Predicted to be involved in motile cilium assembly and spermatogenesis. Predicted to be located in extracellular region and motile cilium. Predicted to be active in sperm head-tail coupling apparatus.","global_age","01_top20_global_age_SIMPLE_LIST.txt"
"ANKRD37 - Located in cytosol; mitochondrion; and nucleoplasm.","global_age","01_top20_global_age_SIMPLE_LIST.txt"
"TRIM52 - Enables transcription coactivator activity and ubiquitin protein ligase activity. Involved in several processes, including positive regulation of NF-kappaB transcription factor activity; positive regulation of canonical NF-kappaB signal transduction; and protein autoubiquitination. Located in cytosol and nucleus.","global_age","01_top20_global_age_SIMPLE_LIST.txt"
"PRKAA2 - The protein encoded by this gene is a catalytic subunit of the AMP-activated protein kinase (AMPK). AMPK is a heterotrimer consisting of an alpha catalytic subunit, and non-catalytic beta and gamma subunits. AMPK is an important energy-sensing enzyme that monitors cellular energy status","global_age","01_top20_global_age_SIMPLE_LIST.txt"
"DPP4 - The DPP4 gene encodes dipeptidyl peptidase 4, which is identical to adenosine deaminase complexing protein-2, and to the T-cell activation antigen CD26. It is an intrinsic type II transmembrane glycoprotein and a serine exopeptidase that cleaves X-proline dipeptides from the N-terminus of polypeptides.","global_age","01_top20_global_age_SIMPLE_LIST.txt"
"CCDC122 - This gene encodes a protein that contains a coiled-coil domain. Naturally occurring mutations in this gene are associated with leprosy.","global_age","01_top20_global_age_SIMPLE_LIST.txt"
"SLFN13 - Enables RNA endonuclease activity. Involved in rRNA catabolic process and tRNA decay. Located in cytoplasm.","global_age","01_top20_global_age_SIMPLE_LIST.txt"
"CCDC9B - Enables RNA binding activity.","global_age","01_top20_global_age_SIMPLE_LIST.txt"
"ENSG00000273748 -  is a Protein Coding gene. An important paralog of this gene is FRG1","global_age","01_top20_global_age_SIMPLE_LIST.txt"
"NOP2 - Enables rRNA (cytosine-C5-)-methyltransferase activity. Involved in positive regulation of cell population proliferation; regulation of signal transduction by p53 class mediator; and ribosome biogenesis. Located in nucleolus.","global_age","01_top20_global_age_SIMPLE_LIST.txt"
"CSPG5 - The protein encoded by this gene is a proteoglycan that may function as a neural growth and differentiation factor. Several transcript variants encoding different isoforms have been found for this gene.","global_age","01_top20_global_age_SIMPLE_LIST.txt"
"ANXA2R - Predicted to enable signaling receptor activity.","global_age","01_top20_global_age_SIMPLE_LIST.txt"
"ENSG00000276850","significant_genes","02_top20_significant_genes_SIMPLE_LIST.txt"
"ARSK","AT1","03_top20_AT1_SIMPLE_LIST.txt"
"SLC43A2","AT1","03_top20_AT1_SIMPLE_LIST.txt"
"SLC43A2","AT1","03_top20_AT1_SIMPLE_LIST.txt"
"SELENOI","AT1","03_top20_AT1_SIMPLE_LIST.txt"
"SSRP1","AT1","03_top20_AT1_SIMPLE_LIST.txt"
"RGN","AT1","03_top20_AT1_SIMPLE_LIST.txt"
"ELL","AT1","03_top20_AT1_SIMPLE_LIST.txt"
"FAM210A","AT1","03_top20_AT1_SIMPLE_LIST.txt"
"EFNB2","AT1","03_top20_AT1_SIMPLE_LIST.txt"
"INTU","AT1","03_top20_AT1_SIMPLE_LIST.txt"
"WAC-AS1","AT1","03_top20_AT1_SIMPLE_LIST.txt"
"THUMPD3","AT1","03_top20_AT1_SIMPLE_LIST.txt"
"ANKRD37","AT1","03_top20_AT1_SIMPLE_LIST.txt"
"TSPAN5","AT1","03_top20_AT1_SIMPLE_LIST.txt"
"ADGRE5","AT1","03_top20_AT1_SIMPLE_LIST.txt"
"OGFOD2","AT1","03_top20_AT1_SIMPLE_LIST.txt"
"CXCL2","AT1","03_top20_AT1_SIMPLE_LIST.txt"
"TRNP1","AT1","03_top20_AT1_SIMPLE_LIST.txt"
"MMAA","AT1","03_top20_AT1_SIMPLE_LIST.txt"
"MMAA","AT1","03_top20_AT1_SIMPLE_LIST.txt"
"SYNPO","AT2","03_top20_AT2_SIMPLE_LIST.txt"
"CLIC5","AT2","03_top20_AT2_SIMPLE_LIST.txt"
"PTCHD4","AT2","03_top20_AT2_SIMPLE_LIST.txt"
"CXCL3","AT2","03_top20_AT2_SIMPLE_LIST.txt"
"MPV17L2","AT2","03_top20_AT2_SIMPLE_LIST.txt"
"WTIP","AT2","03_top20_AT2_SIMPLE_LIST.txt"
"EMC9","AT2","03_top20_AT2_SIMPLE_LIST.txt"
"EMC9","AT2","03_top20_AT2_SIMPLE_LIST.txt"
"RANGRF","AT2","03_top20_AT2_SIMPLE_LIST.txt"
"PPP1R1B","AT2","03_top20_AT2_SIMPLE_LIST.txt"
"TTC39A","AT2","03_top20_AT2_SIMPLE_LIST.txt"
"PLXNA1","AT2","03_top20_AT2_SIMPLE_LIST.txt"
"PLA2G3","AT2","03_top20_AT2_SIMPLE_LIST.txt"
"HMBS","AT2","03_top20_AT2_SIMPLE_LIST.txt"
"PACS1","AT2","03_top20_AT2_SIMPLE_LIST.txt"
"ARRDC2","AT2","03_top20_AT2_SIMPLE_LIST.txt"
"UST","AT2","03_top20_AT2_SIMPLE_LIST.txt"
"SPATA18","AT2","03_top20_AT2_SIMPLE_LIST.txt"
"DIP2C","AT2","03_top20_AT2_SIMPLE_LIST.txt"
"CHML","AT2","03_top20_AT2_SIMPLE_LIST.txt"
"CD70","B_cell_lineage","03_top20_B_cell_lineage_SIMPLE_LIST.txt"
"APPBP2","B_cell_lineage","03_top20_B_cell_lineage_SIMPLE_LIST.txt"
"ENSG00000283765","B_cell_lineage","03_top20_B_cell_lineage_SIMPLE_LIST.txt"
"ATP10D","B_cell_lineage","03_top20_B_cell_lineage_SIMPLE_LIST.txt"
"SNN","B_cell_lineage","03_top20_B_cell_lineage_SIMPLE_LIST.txt"
"BEX4","B_cell_lineage","03_top20_B_cell_lineage_SIMPLE_LIST.txt"
"SYNCRIP","B_cell_lineage","03_top20_B_cell_lineage_SIMPLE_LIST.txt"
"SLC38A1","B_cell_lineage","03_top20_B_cell_lineage_SIMPLE_LIST.txt"
"ACAT2","B_cell_lineage","03_top20_B_cell_lineage_SIMPLE_LIST.txt"
"ST8SIA4","B_cell_lineage","03_top20_B_cell_lineage_SIMPLE_LIST.txt"
"NPIPB4","B_cell_lineage","03_top20_B_cell_lineage_SIMPLE_LIST.txt"
"NPIPB4","B_cell_lineage","03_top20_B_cell_lineage_SIMPLE_LIST.txt"
"TXNDC12","B_cell_lineage","03_top20_B_cell_lineage_SIMPLE_LIST.txt"
"HAT1","B_cell_lineage","03_top20_B_cell_lineage_SIMPLE_LIST.txt"
"HAT1","B_cell_lineage","03_top20_B_cell_lineage_SIMPLE_LIST.txt"
"L3MBTL2","B_cell_lineage","03_top20_B_cell_lineage_SIMPLE_LIST.txt"
"ABHD14B","B_cell_lineage","03_top20_B_cell_lineage_SIMPLE_LIST.txt"
"NFX1","B_cell_lineage","03_top20_B_cell_lineage_SIMPLE_LIST.txt"
"BCCIP","B_cell_lineage","03_top20_B_cell_lineage_SIMPLE_LIST.txt"
"TBC1D23","B_cell_lineage","03_top20_B_cell_lineage_SIMPLE_LIST.txt"
"PWP2","Basal","03_top20_Basal_SIMPLE_LIST.txt"
"PGAM1","Basal","03_top20_Basal_SIMPLE_LIST.txt"
"MEMO1","Basal","03_top20_Basal_SIMPLE_LIST.txt"
"PSEN1","Basal","03_top20_Basal_SIMPLE_LIST.txt"
"PEAK1","Basal","03_top20_Basal_SIMPLE_LIST.txt"
"ABHD14A","Basal","03_top20_Basal_SIMPLE_LIST.txt"
"ZNF138","Basal","03_top20_Basal_SIMPLE_LIST.txt"
"THAP5","Basal","03_top20_Basal_SIMPLE_LIST.txt"
"KRT5","Basal","03_top20_Basal_SIMPLE_LIST.txt"
"SOS2","Basal","03_top20_Basal_SIMPLE_LIST.txt"
"AKR1B10","Basal","03_top20_Basal_SIMPLE_LIST.txt"
"C5orf63","Basal","03_top20_Basal_SIMPLE_LIST.txt"
"PAICS","Basal","03_top20_Basal_SIMPLE_LIST.txt"
"DAPL1","Basal","03_top20_Basal_SIMPLE_LIST.txt"
"RAB5C","Basal","03_top20_Basal_SIMPLE_LIST.txt"
"SORD","Basal","03_top20_Basal_SIMPLE_LIST.txt"
"STEAP1","Basal","03_top20_Basal_SIMPLE_LIST.txt"
"NTS","Basal","03_top20_Basal_SIMPLE_LIST.txt"
"CLCA2","Basal","03_top20_Basal_SIMPLE_LIST.txt"
"FADS1","Basal","03_top20_Basal_SIMPLE_LIST.txt"
"HSPA6","Dendritic_cells","03_top20_Dendritic_cells_SIMPLE_LIST.txt"
"ENSG00000257764","Dendritic_cells","03_top20_Dendritic_cells_SIMPLE_LIST.txt"
"SLBP","Dendritic_cells","03_top20_Dendritic_cells_SIMPLE_LIST.txt"
"GALM","Dendritic_cells","03_top20_Dendritic_cells_SIMPLE_LIST.txt"
"HIF1A-AS3","Dendritic_cells","03_top20_Dendritic_cells_SIMPLE_LIST.txt"
"LINC01410","Dendritic_cells","03_top20_Dendritic_cells_SIMPLE_LIST.txt"
"LINC01410","Dendritic_cells","03_top20_Dendritic_cells_SIMPLE_LIST.txt"
"NIPSNAP3B","Dendritic_cells","03_top20_Dendritic_cells_SIMPLE_LIST.txt"
"HELLS","Dendritic_cells","03_top20_Dendritic_cells_SIMPLE_LIST.txt"
"USP38","Dendritic_cells","03_top20_Dendritic_cells_SIMPLE_LIST.txt"
"GSTM2","Dendritic_cells","03_top20_Dendritic_cells_SIMPLE_LIST.txt"
"HEXA","Dendritic_cells","03_top20_Dendritic_cells_SIMPLE_LIST.txt"
"LRRCC1","Dendritic_cells","03_top20_Dendritic_cells_SIMPLE_LIST.txt"
"LMNB1","Dendritic_cells","03_top20_Dendritic_cells_SIMPLE_LIST.txt"
"DDB2","Dendritic_cells","03_top20_Dendritic_cells_SIMPLE_LIST.txt"
"TUBGCP5","Dendritic_cells","03_top20_Dendritic_cells_SIMPLE_LIST.txt"
"TUBGCP5","Dendritic_cells","03_top20_Dendritic_cells_SIMPLE_LIST.txt"
"TUBGCP5","Dendritic_cells","03_top20_Dendritic_cells_SIMPLE_LIST.txt"
"CLSPN","Dendritic_cells","03_top20_Dendritic_cells_SIMPLE_LIST.txt"
"PTGR3","Dendritic_cells","03_top20_Dendritic_cells_SIMPLE_LIST.txt"
"PRR29","EC_arterial","03_top20_EC_arterial_SIMPLE_LIST.txt"
"SLC25A34","EC_arterial","03_top20_EC_arterial_SIMPLE_LIST.txt"
"VSIG2","EC_arterial","03_top20_EC_arterial_SIMPLE_LIST.txt"
"COL6A3","EC_arterial","03_top20_EC_arterial_SIMPLE_LIST.txt"
"TMEM98","EC_arterial","03_top20_EC_arterial_SIMPLE_LIST.txt"
"COL1A2","EC_arterial","03_top20_EC_arterial_SIMPLE_LIST.txt"
"CRISPLD2","EC_arterial","03_top20_EC_arterial_SIMPLE_LIST.txt"
"SNX32","EC_arterial","03_top20_EC_arterial_SIMPLE_LIST.txt"
"MEDAG","EC_arterial","03_top20_EC_arterial_SIMPLE_LIST.txt"
"MMP16","EC_arterial","03_top20_EC_arterial_SIMPLE_LIST.txt"
"TSHZ2","EC_arterial","03_top20_EC_arterial_SIMPLE_LIST.txt"
"MPP7","EC_arterial","03_top20_EC_arterial_SIMPLE_LIST.txt"
"ENSG00000247925","EC_arterial","03_top20_EC_arterial_SIMPLE_LIST.txt"
"GPR176","EC_arterial","03_top20_EC_arterial_SIMPLE_LIST.txt"
"CAVIN2-AS1","EC_arterial","03_top20_EC_arterial_SIMPLE_LIST.txt"
"ATP10A","EC_arterial","03_top20_EC_arterial_SIMPLE_LIST.txt"
"DNAJC25-GNG10","EC_arterial","03_top20_EC_arterial_SIMPLE_LIST.txt"
"ARG2","EC_arterial","03_top20_EC_arterial_SIMPLE_LIST.txt"
"DCLK1","EC_arterial","03_top20_EC_arterial_SIMPLE_LIST.txt"
"COL3A1","EC_arterial","03_top20_EC_arterial_SIMPLE_LIST.txt"
"RILPL1","EC_capillary","03_top20_EC_capillary_SIMPLE_LIST.txt"
"EPS8L1","EC_capillary","03_top20_EC_capillary_SIMPLE_LIST.txt"
"LURAP1","EC_capillary","03_top20_EC_capillary_SIMPLE_LIST.txt"
"FCN1","EC_capillary","03_top20_EC_capillary_SIMPLE_LIST.txt"
"TNNC1","EC_capillary","03_top20_EC_capillary_SIMPLE_LIST.txt"
"GPC3","EC_capillary","03_top20_EC_capillary_SIMPLE_LIST.txt"
"ICAM4","EC_capillary","03_top20_EC_capillary_SIMPLE_LIST.txt"
"ALDH5A1","EC_capillary","03_top20_EC_capillary_SIMPLE_LIST.txt"
"IL1B","EC_capillary","03_top20_EC_capillary_SIMPLE_LIST.txt"
"SLC8A1","EC_capillary","03_top20_EC_capillary_SIMPLE_LIST.txt"
"SH2D4B","EC_capillary","03_top20_EC_capillary_SIMPLE_LIST.txt"
"LAIR1","EC_capillary","03_top20_EC_capillary_SIMPLE_LIST.txt"
"LAIR1","EC_capillary","03_top20_EC_capillary_SIMPLE_LIST.txt"
"LAIR1","EC_capillary","03_top20_EC_capillary_SIMPLE_LIST.txt"
"LAIR1","EC_capillary","03_top20_EC_capillary_SIMPLE_LIST.txt"
"LAIR1","EC_capillary","03_top20_EC_capillary_SIMPLE_LIST.txt"
"C2CD4B","EC_capillary","03_top20_EC_capillary_SIMPLE_LIST.txt"
"TMEM217","EC_capillary","03_top20_EC_capillary_SIMPLE_LIST.txt"
"LRP1","EC_capillary","03_top20_EC_capillary_SIMPLE_LIST.txt"
"IGF2BP3","EC_capillary","03_top20_EC_capillary_SIMPLE_LIST.txt"
"SAMD11","EC_venous","03_top20_EC_venous_SIMPLE_LIST.txt"
"IL6","EC_venous","03_top20_EC_venous_SIMPLE_LIST.txt"
"LRRC57","EC_venous","03_top20_EC_venous_SIMPLE_LIST.txt"
"GATA2-AS1","EC_venous","03_top20_EC_venous_SIMPLE_LIST.txt"
"MIR4485","EC_venous","03_top20_EC_venous_SIMPLE_LIST.txt"
"FABP4","EC_venous","03_top20_EC_venous_SIMPLE_LIST.txt"
"CCL2","EC_venous","03_top20_EC_venous_SIMPLE_LIST.txt"
"VIM-AS1","EC_venous","03_top20_EC_venous_SIMPLE_LIST.txt"
"KCNMB4","EC_venous","03_top20_EC_venous_SIMPLE_LIST.txt"
"FABP5","EC_venous","03_top20_EC_venous_SIMPLE_LIST.txt"
"TMEM175","EC_venous","03_top20_EC_venous_SIMPLE_LIST.txt"
"IL1RL1","EC_venous","03_top20_EC_venous_SIMPLE_LIST.txt"
"TRIB1","EC_venous","03_top20_EC_venous_SIMPLE_LIST.txt"
"COL6A3","EC_venous","03_top20_EC_venous_SIMPLE_LIST.txt"
"DLC1","EC_venous","03_top20_EC_venous_SIMPLE_LIST.txt"
"DLC1","EC_venous","03_top20_EC_venous_SIMPLE_LIST.txt"
"ICAM4","EC_venous","03_top20_EC_venous_SIMPLE_LIST.txt"
"COL15A1","EC_venous","03_top20_EC_venous_SIMPLE_LIST.txt"
"TEX14","EC_venous","03_top20_EC_venous_SIMPLE_LIST.txt"
"DNAJC25-GNG10","EC_venous","03_top20_EC_venous_SIMPLE_LIST.txt"
"CDC34","Fibroblasts","03_top20_Fibroblasts_SIMPLE_LIST.txt"
"EPSTI1","Fibroblasts","03_top20_Fibroblasts_SIMPLE_LIST.txt"
"RAMP1","Fibroblasts","03_top20_Fibroblasts_SIMPLE_LIST.txt"
"ECI1","Fibroblasts","03_top20_Fibroblasts_SIMPLE_LIST.txt"
"PIGR","Fibroblasts","03_top20_Fibroblasts_SIMPLE_LIST.txt"
"MIA2","Fibroblasts","03_top20_Fibroblasts_SIMPLE_LIST.txt"
"TNFRSF11B","Fibroblasts","03_top20_Fibroblasts_SIMPLE_LIST.txt"
"TSEN15","Fibroblasts","03_top20_Fibroblasts_SIMPLE_LIST.txt"
"ENSG00000283765","Fibroblasts","03_top20_Fibroblasts_SIMPLE_LIST.txt"
"AGER","Fibroblasts","03_top20_Fibroblasts_SIMPLE_LIST.txt"
"AGER","Fibroblasts","03_top20_Fibroblasts_SIMPLE_LIST.txt"
"AGER","Fibroblasts","03_top20_Fibroblasts_SIMPLE_LIST.txt"
"AGER","Fibroblasts","03_top20_Fibroblasts_SIMPLE_LIST.txt"
"AGER","Fibroblasts","03_top20_Fibroblasts_SIMPLE_LIST.txt"
"AGER","Fibroblasts","03_top20_Fibroblasts_SIMPLE_LIST.txt"
"AGER","Fibroblasts","03_top20_Fibroblasts_SIMPLE_LIST.txt"
"PLPPR2","Fibroblasts","03_top20_Fibroblasts_SIMPLE_LIST.txt"
"FXN","Fibroblasts","03_top20_Fibroblasts_SIMPLE_LIST.txt"
"ECE2","Fibroblasts","03_top20_Fibroblasts_SIMPLE_LIST.txt"
"ZSWIM6","Fibroblasts","03_top20_Fibroblasts_SIMPLE_LIST.txt"
"SLC12A7","Innate_lymphoid_cell_NK","03_top20_Innate_lymphoid_cell_NK_SIMPLE_LIST.txt"
"SLC12A7","Innate_lymphoid_cell_NK","03_top20_Innate_lymphoid_cell_NK_SIMPLE_LIST.txt"
"OXNAD1","Innate_lymphoid_cell_NK","03_top20_Innate_lymphoid_cell_NK_SIMPLE_LIST.txt"
"BAG3","Innate_lymphoid_cell_NK","03_top20_Innate_lymphoid_cell_NK_SIMPLE_LIST.txt"
"KANSL1-AS1","Innate_lymphoid_cell_NK","03_top20_Innate_lymphoid_cell_NK_SIMPLE_LIST.txt"
"KANSL1-AS1","Innate_lymphoid_cell_NK","03_top20_Innate_lymphoid_cell_NK_SIMPLE_LIST.txt"
"KANSL1-AS1","Innate_lymphoid_cell_NK","03_top20_Innate_lymphoid_cell_NK_SIMPLE_LIST.txt"
"PTGDS","Innate_lymphoid_cell_NK","03_top20_Innate_lymphoid_cell_NK_SIMPLE_LIST.txt"
"C17orf67","Innate_lymphoid_cell_NK","03_top20_Innate_lymphoid_cell_NK_SIMPLE_LIST.txt"
"PDE4B","Innate_lymphoid_cell_NK","03_top20_Innate_lymphoid_cell_NK_SIMPLE_LIST.txt"
"NPIPB5","Innate_lymphoid_cell_NK","03_top20_Innate_lymphoid_cell_NK_SIMPLE_LIST.txt"
"NPIPB5","Innate_lymphoid_cell_NK","03_top20_Innate_lymphoid_cell_NK_SIMPLE_LIST.txt"
"HMOX1","Innate_lymphoid_cell_NK","03_top20_Innate_lymphoid_cell_NK_SIMPLE_LIST.txt"
"NUDT2","Innate_lymphoid_cell_NK","03_top20_Innate_lymphoid_cell_NK_SIMPLE_LIST.txt"
"ZNF683","Innate_lymphoid_cell_NK","03_top20_Innate_lymphoid_cell_NK_SIMPLE_LIST.txt"
"CYP2R1","Innate_lymphoid_cell_NK","03_top20_Innate_lymphoid_cell_NK_SIMPLE_LIST.txt"
"CIMAP2","Innate_lymphoid_cell_NK","03_top20_Innate_lymphoid_cell_NK_SIMPLE_LIST.txt"
"SRSF6","Innate_lymphoid_cell_NK","03_top20_Innate_lymphoid_cell_NK_SIMPLE_LIST.txt"
"ENSG00000259865","Innate_lymphoid_cell_NK","03_top20_Innate_lymphoid_cell_NK_SIMPLE_LIST.txt"
"ADCK2","Innate_lymphoid_cell_NK","03_top20_Innate_lymphoid_cell_NK_SIMPLE_LIST.txt"
"ATP5PO","Lymphatic_EC_differentiating","03_top20_Lymphatic_EC_differentiating_SIMPLE_LIST.txt"
"ITPR1","Lymphatic_EC_differentiating","03_top20_Lymphatic_EC_differentiating_SIMPLE_LIST.txt"
"AIMP1","Lymphatic_EC_differentiating","03_top20_Lymphatic_EC_differentiating_SIMPLE_LIST.txt"
"EIF4E","Lymphatic_EC_differentiating","03_top20_Lymphatic_EC_differentiating_SIMPLE_LIST.txt"
"ELOB","Lymphatic_EC_differentiating","03_top20_Lymphatic_EC_differentiating_SIMPLE_LIST.txt"
"STXBP4","Lymphatic_EC_differentiating","03_top20_Lymphatic_EC_differentiating_SIMPLE_LIST.txt"
"VPS50","Lymphatic_EC_differentiating","03_top20_Lymphatic_EC_differentiating_SIMPLE_LIST.txt"
"IGBP1","Lymphatic_EC_differentiating","03_top20_Lymphatic_EC_differentiating_SIMPLE_LIST.txt"
"DHX32","Lymphatic_EC_differentiating","03_top20_Lymphatic_EC_differentiating_SIMPLE_LIST.txt"
"ATP5PD","Lymphatic_EC_differentiating","03_top20_Lymphatic_EC_differentiating_SIMPLE_LIST.txt"
"ARL5B","Lymphatic_EC_differentiating","03_top20_Lymphatic_EC_differentiating_SIMPLE_LIST.txt"
"SCAI","Lymphatic_EC_differentiating","03_top20_Lymphatic_EC_differentiating_SIMPLE_LIST.txt"
"SDC4","Lymphatic_EC_differentiating","03_top20_Lymphatic_EC_differentiating_SIMPLE_LIST.txt"
"LARP4B","Lymphatic_EC_differentiating","03_top20_Lymphatic_EC_differentiating_SIMPLE_LIST.txt"
"COPS9","Lymphatic_EC_differentiating","03_top20_Lymphatic_EC_differentiating_SIMPLE_LIST.txt"
"CUL4A","Lymphatic_EC_differentiating","03_top20_Lymphatic_EC_differentiating_SIMPLE_LIST.txt"
"RABEP1","Lymphatic_EC_differentiating","03_top20_Lymphatic_EC_differentiating_SIMPLE_LIST.txt"
"ACAA1","Lymphatic_EC_differentiating","03_top20_Lymphatic_EC_differentiating_SIMPLE_LIST.txt"
"MEA1","Lymphatic_EC_differentiating","03_top20_Lymphatic_EC_differentiating_SIMPLE_LIST.txt"
"DELE1","Lymphatic_EC_differentiating","03_top20_Lymphatic_EC_differentiating_SIMPLE_LIST.txt"
"CSNK2B","Lymphatic_EC_mature","03_top20_Lymphatic_EC_mature_SIMPLE_LIST.txt"
"CSNK2B","Lymphatic_EC_mature","03_top20_Lymphatic_EC_mature_SIMPLE_LIST.txt"
"CSNK2B","Lymphatic_EC_mature","03_top20_Lymphatic_EC_mature_SIMPLE_LIST.txt"
"CSNK2B","Lymphatic_EC_mature","03_top20_Lymphatic_EC_mature_SIMPLE_LIST.txt"
"CSNK2B","Lymphatic_EC_mature","03_top20_Lymphatic_EC_mature_SIMPLE_LIST.txt"
"CSNK2B","Lymphatic_EC_mature","03_top20_Lymphatic_EC_mature_SIMPLE_LIST.txt"
"CSNK2B","Lymphatic_EC_mature","03_top20_Lymphatic_EC_mature_SIMPLE_LIST.txt"
"ADGRG3","Lymphatic_EC_mature","03_top20_Lymphatic_EC_mature_SIMPLE_LIST.txt"
"COQ6","Lymphatic_EC_mature","03_top20_Lymphatic_EC_mature_SIMPLE_LIST.txt"
"AUH","Lymphatic_EC_mature","03_top20_Lymphatic_EC_mature_SIMPLE_LIST.txt"
"BBC3","Lymphatic_EC_mature","03_top20_Lymphatic_EC_mature_SIMPLE_LIST.txt"
"SOX18","Lymphatic_EC_mature","03_top20_Lymphatic_EC_mature_SIMPLE_LIST.txt"
"BCL2L11","Lymphatic_EC_mature","03_top20_Lymphatic_EC_mature_SIMPLE_LIST.txt"
"TXNL4B","Lymphatic_EC_mature","03_top20_Lymphatic_EC_mature_SIMPLE_LIST.txt"
"HSF1","Lymphatic_EC_mature","03_top20_Lymphatic_EC_mature_SIMPLE_LIST.txt"
"HSF1","Lymphatic_EC_mature","03_top20_Lymphatic_EC_mature_SIMPLE_LIST.txt"
"ANKRD29","Lymphatic_EC_mature","03_top20_Lymphatic_EC_mature_SIMPLE_LIST.txt"
"RAI1","Lymphatic_EC_mature","03_top20_Lymphatic_EC_mature_SIMPLE_LIST.txt"
"SPNS2","Lymphatic_EC_mature","03_top20_Lymphatic_EC_mature_SIMPLE_LIST.txt"
"APOE","Lymphatic_EC_mature","03_top20_Lymphatic_EC_mature_SIMPLE_LIST.txt"
"HSPA6","Macrophages","03_top20_Macrophages_SIMPLE_LIST.txt"
"EIF4G3","Macrophages","03_top20_Macrophages_SIMPLE_LIST.txt"
"PACSIN2","Macrophages","03_top20_Macrophages_SIMPLE_LIST.txt"
"QSOX1","Macrophages","03_top20_Macrophages_SIMPLE_LIST.txt"
"C11orf24","Macrophages","03_top20_Macrophages_SIMPLE_LIST.txt"
"DOK2","Macrophages","03_top20_Macrophages_SIMPLE_LIST.txt"
"OSBPL8","Macrophages","03_top20_Macrophages_SIMPLE_LIST.txt"
"RAB8A","Macrophages","03_top20_Macrophages_SIMPLE_LIST.txt"
"IL2RG","Macrophages","03_top20_Macrophages_SIMPLE_LIST.txt"
"LRCH1","Macrophages","03_top20_Macrophages_SIMPLE_LIST.txt"
"TAB2","Macrophages","03_top20_Macrophages_SIMPLE_LIST.txt"
"CTTNBP2NL","Macrophages","03_top20_Macrophages_SIMPLE_LIST.txt"
"GPR132","Macrophages","03_top20_Macrophages_SIMPLE_LIST.txt"
"CD300C","Macrophages","03_top20_Macrophages_SIMPLE_LIST.txt"
"CD300C","Macrophages","03_top20_Macrophages_SIMPLE_LIST.txt"
"IP6K1","Macrophages","03_top20_Macrophages_SIMPLE_LIST.txt"
"KXD1","Macrophages","03_top20_Macrophages_SIMPLE_LIST.txt"
"PPARA","Macrophages","03_top20_Macrophages_SIMPLE_LIST.txt"
"TRAF3","Macrophages","03_top20_Macrophages_SIMPLE_LIST.txt"
"ERLEC1","Macrophages","03_top20_Macrophages_SIMPLE_LIST.txt"
"RHOC","Mast_cells","03_top20_Mast_cells_SIMPLE_LIST.txt"
"MARCHF3","Mast_cells","03_top20_Mast_cells_SIMPLE_LIST.txt"
"KLF2","Mast_cells","03_top20_Mast_cells_SIMPLE_LIST.txt"
"MACROH2A2","Mast_cells","03_top20_Mast_cells_SIMPLE_LIST.txt"
"AFF4","Mast_cells","03_top20_Mast_cells_SIMPLE_LIST.txt"
"HSPA6","Mast_cells","03_top20_Mast_cells_SIMPLE_LIST.txt"
"NXT1","Mast_cells","03_top20_Mast_cells_SIMPLE_LIST.txt"
"PHLDA2","Mast_cells","03_top20_Mast_cells_SIMPLE_LIST.txt"
"PHLDA2","Mast_cells","03_top20_Mast_cells_SIMPLE_LIST.txt"
"BAG3","Mast_cells","03_top20_Mast_cells_SIMPLE_LIST.txt"
"BTG2","Mast_cells","03_top20_Mast_cells_SIMPLE_LIST.txt"
"EDEM1","Mast_cells","03_top20_Mast_cells_SIMPLE_LIST.txt"
"MRPL18","Mast_cells","03_top20_Mast_cells_SIMPLE_LIST.txt"
"HSPD1","Mast_cells","03_top20_Mast_cells_SIMPLE_LIST.txt"
"PPM1H","Mast_cells","03_top20_Mast_cells_SIMPLE_LIST.txt"
"MXD1","Mast_cells","03_top20_Mast_cells_SIMPLE_LIST.txt"
"NELL1","Mast_cells","03_top20_Mast_cells_SIMPLE_LIST.txt"
"CHPT1","Mast_cells","03_top20_Mast_cells_SIMPLE_LIST.txt"
"ATF3","Mast_cells","03_top20_Mast_cells_SIMPLE_LIST.txt"
"HBB","Mast_cells","03_top20_Mast_cells_SIMPLE_LIST.txt"
"CLU","Monocytes","03_top20_Monocytes_SIMPLE_LIST.txt"
"C11orf24","Monocytes","03_top20_Monocytes_SIMPLE_LIST.txt"
"TMEM45B","Monocytes","03_top20_Monocytes_SIMPLE_LIST.txt"
"MARCO","Monocytes","03_top20_Monocytes_SIMPLE_LIST.txt"
"TAF2","Monocytes","03_top20_Monocytes_SIMPLE_LIST.txt"
"RETN","Monocytes","03_top20_Monocytes_SIMPLE_LIST.txt"
"G3BP2","Monocytes","03_top20_Monocytes_SIMPLE_LIST.txt"
"PTAFR","Monocytes","03_top20_Monocytes_SIMPLE_LIST.txt"
"TXN2","Monocytes","03_top20_Monocytes_SIMPLE_LIST.txt"
"FCGR2B","Monocytes","03_top20_Monocytes_SIMPLE_LIST.txt"
"PCYOX1","Monocytes","03_top20_Monocytes_SIMPLE_LIST.txt"
"MCEMP1","Monocytes","03_top20_Monocytes_SIMPLE_LIST.txt"
"ODC1","Monocytes","03_top20_Monocytes_SIMPLE_LIST.txt"
"ZNF75A","Monocytes","03_top20_Monocytes_SIMPLE_LIST.txt"
"STK38L","Monocytes","03_top20_Monocytes_SIMPLE_LIST.txt"
"DNAAF9","Monocytes","03_top20_Monocytes_SIMPLE_LIST.txt"
"AGER","Monocytes","03_top20_Monocytes_SIMPLE_LIST.txt"
"AGER","Monocytes","03_top20_Monocytes_SIMPLE_LIST.txt"
"AGER","Monocytes","03_top20_Monocytes_SIMPLE_LIST.txt"
"AGER","Monocytes","03_top20_Monocytes_SIMPLE_LIST.txt"
"ST8SIA4","Multiciliated_lineage","03_top20_Multiciliated_lineage_SIMPLE_LIST.txt"
"BST2","Multiciliated_lineage","03_top20_Multiciliated_lineage_SIMPLE_LIST.txt"
"PLXNA2","Multiciliated_lineage","03_top20_Multiciliated_lineage_SIMPLE_LIST.txt"
"KLRK1-AS1","Multiciliated_lineage","03_top20_Multiciliated_lineage_SIMPLE_LIST.txt"
"RAB11FIP1","Multiciliated_lineage","03_top20_Multiciliated_lineage_SIMPLE_LIST.txt"
"FAM204A","Multiciliated_lineage","03_top20_Multiciliated_lineage_SIMPLE_LIST.txt"
"MT-ND6","Multiciliated_lineage","03_top20_Multiciliated_lineage_SIMPLE_LIST.txt"
"OTUD6B","Multiciliated_lineage","03_top20_Multiciliated_lineage_SIMPLE_LIST.txt"
"ADGRE5","Multiciliated_lineage","03_top20_Multiciliated_lineage_SIMPLE_LIST.txt"
"MT-ND1","Multiciliated_lineage","03_top20_Multiciliated_lineage_SIMPLE_LIST.txt"
"LINC01436","Multiciliated_lineage","03_top20_Multiciliated_lineage_SIMPLE_LIST.txt"
"SIRT2","Multiciliated_lineage","03_top20_Multiciliated_lineage_SIMPLE_LIST.txt"
"SIRT2","Multiciliated_lineage","03_top20_Multiciliated_lineage_SIMPLE_LIST.txt"
"TAX1BP3","Multiciliated_lineage","03_top20_Multiciliated_lineage_SIMPLE_LIST.txt"
"HDAC9","Multiciliated_lineage","03_top20_Multiciliated_lineage_SIMPLE_LIST.txt"
"AGPAT4","Multiciliated_lineage","03_top20_Multiciliated_lineage_SIMPLE_LIST.txt"
"MT-ND5","Multiciliated_lineage","03_top20_Multiciliated_lineage_SIMPLE_LIST.txt"
"NT5C3B","Multiciliated_lineage","03_top20_Multiciliated_lineage_SIMPLE_LIST.txt"
"HNRNPLL","Multiciliated_lineage","03_top20_Multiciliated_lineage_SIMPLE_LIST.txt"
"ETFDH","Multiciliated_lineage","03_top20_Multiciliated_lineage_SIMPLE_LIST.txt"
"HINT1","Myofibroblasts","03_top20_Myofibroblasts_SIMPLE_LIST.txt"
"DEPP1","Myofibroblasts","03_top20_Myofibroblasts_SIMPLE_LIST.txt"
"MINDY2","Myofibroblasts","03_top20_Myofibroblasts_SIMPLE_LIST.txt"
"ALKAL1","Myofibroblasts","03_top20_Myofibroblasts_SIMPLE_LIST.txt"
"PEBP1","Myofibroblasts","03_top20_Myofibroblasts_SIMPLE_LIST.txt"
"SOD1","Myofibroblasts","03_top20_Myofibroblasts_SIMPLE_LIST.txt"
"RAMP1","Myofibroblasts","03_top20_Myofibroblasts_SIMPLE_LIST.txt"
"COL6A2","Myofibroblasts","03_top20_Myofibroblasts_SIMPLE_LIST.txt"
"MYLK","Myofibroblasts","03_top20_Myofibroblasts_SIMPLE_LIST.txt"
"IGFBP6","Myofibroblasts","03_top20_Myofibroblasts_SIMPLE_LIST.txt"
"CEBPB","Myofibroblasts","03_top20_Myofibroblasts_SIMPLE_LIST.txt"
"HNRNPDL","Myofibroblasts","03_top20_Myofibroblasts_SIMPLE_LIST.txt"
"FST","Myofibroblasts","03_top20_Myofibroblasts_SIMPLE_LIST.txt"
"SOD3","Myofibroblasts","03_top20_Myofibroblasts_SIMPLE_LIST.txt"
"C1QA","Myofibroblasts","03_top20_Myofibroblasts_SIMPLE_LIST.txt"
"RBM12","Myofibroblasts","03_top20_Myofibroblasts_SIMPLE_LIST.txt"
"NIPSNAP2","Myofibroblasts","03_top20_Myofibroblasts_SIMPLE_LIST.txt"
"ENSG00000272368","Myofibroblasts","03_top20_Myofibroblasts_SIMPLE_LIST.txt"
"LPIN2","Myofibroblasts","03_top20_Myofibroblasts_SIMPLE_LIST.txt"
"MYADM","Myofibroblasts","03_top20_Myofibroblasts_SIMPLE_LIST.txt"
"NELL1","Rare","03_top20_Rare_SIMPLE_LIST.txt"
"PTGFR","Rare","03_top20_Rare_SIMPLE_LIST.txt"
"KCNJ6","Rare","03_top20_Rare_SIMPLE_LIST.txt"
"SCN3A","Rare","03_top20_Rare_SIMPLE_LIST.txt"
"SV2B","Rare","03_top20_Rare_SIMPLE_LIST.txt"
"PEG10","Rare","03_top20_Rare_SIMPLE_LIST.txt"
"CADPS","Rare","03_top20_Rare_SIMPLE_LIST.txt"
"RAB3B","Rare","03_top20_Rare_SIMPLE_LIST.txt"
"KIF5C","Rare","03_top20_Rare_SIMPLE_LIST.txt"
"KIF5C","Rare","03_top20_Rare_SIMPLE_LIST.txt"
"RALYL","Rare","03_top20_Rare_SIMPLE_LIST.txt"
"ZNF264","Rare","03_top20_Rare_SIMPLE_LIST.txt"
"PCSK2","Rare","03_top20_Rare_SIMPLE_LIST.txt"
"FAM13A","Rare","03_top20_Rare_SIMPLE_LIST.txt"
"SNAP25","Rare","03_top20_Rare_SIMPLE_LIST.txt"
"NEGR1","Rare","03_top20_Rare_SIMPLE_LIST.txt"
"CCDC14","Rare","03_top20_Rare_SIMPLE_LIST.txt"
"SLITRK6","Rare","03_top20_Rare_SIMPLE_LIST.txt"
"RHPN2","Rare","03_top20_Rare_SIMPLE_LIST.txt"
"STS","Rare","03_top20_Rare_SIMPLE_LIST.txt"
"SMG7","Secretory","03_top20_Secretory_SIMPLE_LIST.txt"
"ATP6V0A2","Secretory","03_top20_Secretory_SIMPLE_LIST.txt"
"HAS3","Secretory","03_top20_Secretory_SIMPLE_LIST.txt"
"AARD","Secretory","03_top20_Secretory_SIMPLE_LIST.txt"
"INTS10","Secretory","03_top20_Secretory_SIMPLE_LIST.txt"
"SLC6A14","Secretory","03_top20_Secretory_SIMPLE_LIST.txt"
"NTS","Secretory","03_top20_Secretory_SIMPLE_LIST.txt"
"SLC16A5","Secretory","03_top20_Secretory_SIMPLE_LIST.txt"
"SCPEP1","Secretory","03_top20_Secretory_SIMPLE_LIST.txt"
"KYNU","Secretory","03_top20_Secretory_SIMPLE_LIST.txt"
"PTER","Secretory","03_top20_Secretory_SIMPLE_LIST.txt"
"CCDC47","Secretory","03_top20_Secretory_SIMPLE_LIST.txt"
"ZSWIM4","Secretory","03_top20_Secretory_SIMPLE_LIST.txt"
"ZSWIM4","Secretory","03_top20_Secretory_SIMPLE_LIST.txt"
"SNX13","Secretory","03_top20_Secretory_SIMPLE_LIST.txt"
"INAFM1","Secretory","03_top20_Secretory_SIMPLE_LIST.txt"
"FCGBP","Secretory","03_top20_Secretory_SIMPLE_LIST.txt"
"FCGBP","Secretory","03_top20_Secretory_SIMPLE_LIST.txt"
"HACL1","Secretory","03_top20_Secretory_SIMPLE_LIST.txt"
"TTC9","Secretory","03_top20_Secretory_SIMPLE_LIST.txt"
"LYZ","SM_activated_stress_response","03_top20_SM_activated_stress_response_SIMPLE_LIST.txt"
"SCGB3A1","SM_activated_stress_response","03_top20_SM_activated_stress_response_SIMPLE_LIST.txt"
"RPS10","SM_activated_stress_response","03_top20_SM_activated_stress_response_SIMPLE_LIST.txt"
"ADAMTS9","SM_activated_stress_response","03_top20_SM_activated_stress_response_SIMPLE_LIST.txt"
"NME2","SM_activated_stress_response","03_top20_SM_activated_stress_response_SIMPLE_LIST.txt"
"MT1A","SM_activated_stress_response","03_top20_SM_activated_stress_response_SIMPLE_LIST.txt"
"MT-ND6","SM_activated_stress_response","03_top20_SM_activated_stress_response_SIMPLE_LIST.txt"
"NUDT4","SM_activated_stress_response","03_top20_SM_activated_stress_response_SIMPLE_LIST.txt"
"EEF1G","SM_activated_stress_response","03_top20_SM_activated_stress_response_SIMPLE_LIST.txt"
"HEXIM1","SM_activated_stress_response","03_top20_SM_activated_stress_response_SIMPLE_LIST.txt"
"HIGD1B","SM_activated_stress_response","03_top20_SM_activated_stress_response_SIMPLE_LIST.txt"
"FKBP5","SM_activated_stress_response","03_top20_SM_activated_stress_response_SIMPLE_LIST.txt"
"LLPH","SM_activated_stress_response","03_top20_SM_activated_stress_response_SIMPLE_LIST.txt"
"CPE","SM_activated_stress_response","03_top20_SM_activated_stress_response_SIMPLE_LIST.txt"
"RARS1","SM_activated_stress_response","03_top20_SM_activated_stress_response_SIMPLE_LIST.txt"
"RNASEK","SM_activated_stress_response","03_top20_SM_activated_stress_response_SIMPLE_LIST.txt"
"ATOH8","SM_activated_stress_response","03_top20_SM_activated_stress_response_SIMPLE_LIST.txt"
"ST6GALNAC6","SM_activated_stress_response","03_top20_SM_activated_stress_response_SIMPLE_LIST.txt"
"NNMT","SM_activated_stress_response","03_top20_SM_activated_stress_response_SIMPLE_LIST.txt"
"EGLN2","SM_activated_stress_response","03_top20_SM_activated_stress_response_SIMPLE_LIST.txt"
"HSPB6","Smooth_muscle_FAM83D_","03_top20_Smooth_muscle_FAM83D__SIMPLE_LIST.txt"
"UXT","Smooth_muscle_FAM83D_","03_top20_Smooth_muscle_FAM83D__SIMPLE_LIST.txt"
"BCAM","Smooth_muscle_FAM83D_","03_top20_Smooth_muscle_FAM83D__SIMPLE_LIST.txt"
"PRELID1","Smooth_muscle_FAM83D_","03_top20_Smooth_muscle_FAM83D__SIMPLE_LIST.txt"
"MRGPRF","Smooth_muscle_FAM83D_","03_top20_Smooth_muscle_FAM83D__SIMPLE_LIST.txt"
"PCSK7","Smooth_muscle_FAM83D_","03_top20_Smooth_muscle_FAM83D__SIMPLE_LIST.txt"
"SORBS2","Smooth_muscle_FAM83D_","03_top20_Smooth_muscle_FAM83D__SIMPLE_LIST.txt"
"GAS6","Smooth_muscle_FAM83D_","03_top20_Smooth_muscle_FAM83D__SIMPLE_LIST.txt"
"ANGPTL1","Smooth_muscle_FAM83D_","03_top20_Smooth_muscle_FAM83D__SIMPLE_LIST.txt"
"CEBPB","Smooth_muscle_FAM83D_","03_top20_Smooth_muscle_FAM83D__SIMPLE_LIST.txt"
"ARMC1","Smooth_muscle_FAM83D_","03_top20_Smooth_muscle_FAM83D__SIMPLE_LIST.txt"
"DAPK3","Smooth_muscle_FAM83D_","03_top20_Smooth_muscle_FAM83D__SIMPLE_LIST.txt"
"FKBP5","Smooth_muscle_FAM83D_","03_top20_Smooth_muscle_FAM83D__SIMPLE_LIST.txt"
"RYBP","Smooth_muscle_FAM83D_","03_top20_Smooth_muscle_FAM83D__SIMPLE_LIST.txt"
"RYBP","Smooth_muscle_FAM83D_","03_top20_Smooth_muscle_FAM83D__SIMPLE_LIST.txt"
"INPP4B","Smooth_muscle_FAM83D_","03_top20_Smooth_muscle_FAM83D__SIMPLE_LIST.txt"
"LDB3","Smooth_muscle_FAM83D_","03_top20_Smooth_muscle_FAM83D__SIMPLE_LIST.txt"
"SCARA3","Smooth_muscle_FAM83D_","03_top20_Smooth_muscle_FAM83D__SIMPLE_LIST.txt"
"USE1","Smooth_muscle_FAM83D_","03_top20_Smooth_muscle_FAM83D__SIMPLE_LIST.txt"
"GSTO1","Smooth_muscle_FAM83D_","03_top20_Smooth_muscle_FAM83D__SIMPLE_LIST.txt"
"DAB2","Submucosal_Secretory","03_top20_Submucosal_Secretory_SIMPLE_LIST.txt"
"LINC02762","Submucosal_Secretory","03_top20_Submucosal_Secretory_SIMPLE_LIST.txt"
"LINC01473","Submucosal_Secretory","03_top20_Submucosal_Secretory_SIMPLE_LIST.txt"
"ZNF717","Submucosal_Secretory","03_top20_Submucosal_Secretory_SIMPLE_LIST.txt"
"MT1G","Submucosal_Secretory","03_top20_Submucosal_Secretory_SIMPLE_LIST.txt"
"ENSG00000226471","Submucosal_Secretory","03_top20_Submucosal_Secretory_SIMPLE_LIST.txt"
"ZC3H11A","Submucosal_Secretory","03_top20_Submucosal_Secretory_SIMPLE_LIST.txt"
"SMIM30","Submucosal_Secretory","03_top20_Submucosal_Secretory_SIMPLE_LIST.txt"
"EEF1AKMT3","Submucosal_Secretory","03_top20_Submucosal_Secretory_SIMPLE_LIST.txt"
"MTERF1","Submucosal_Secretory","03_top20_Submucosal_Secretory_SIMPLE_LIST.txt"
"NTS","Submucosal_Secretory","03_top20_Submucosal_Secretory_SIMPLE_LIST.txt"
"FBH1","Submucosal_Secretory","03_top20_Submucosal_Secretory_SIMPLE_LIST.txt"
"PTGER2","Submucosal_Secretory","03_top20_Submucosal_Secretory_SIMPLE_LIST.txt"
"ENSG00000268416","Submucosal_Secretory","03_top20_Submucosal_Secretory_SIMPLE_LIST.txt"
"CTBP1-DT","Submucosal_Secretory","03_top20_Submucosal_Secretory_SIMPLE_LIST.txt"
"STEAP1","Submucosal_Secretory","03_top20_Submucosal_Secretory_SIMPLE_LIST.txt"
"TIGD2","Submucosal_Secretory","03_top20_Submucosal_Secretory_SIMPLE_LIST.txt"
"LINC01138","Submucosal_Secretory","03_top20_Submucosal_Secretory_SIMPLE_LIST.txt"
"LINC01138","Submucosal_Secretory","03_top20_Submucosal_Secretory_SIMPLE_LIST.txt"
"MAP3K20","Submucosal_Secretory","03_top20_Submucosal_Secretory_SIMPLE_LIST.txt"
"SLC25A42","T_cell_lineage","03_top20_T_cell_lineage_SIMPLE_LIST.txt"
"ZNF442","T_cell_lineage","03_top20_T_cell_lineage_SIMPLE_LIST.txt"
"CDKL1","T_cell_lineage","03_top20_T_cell_lineage_SIMPLE_LIST.txt"
"ENO1-AS1","T_cell_lineage","03_top20_T_cell_lineage_SIMPLE_LIST.txt"
"EPSTI1","T_cell_lineage","03_top20_T_cell_lineage_SIMPLE_LIST.txt"
"KLHL5","T_cell_lineage","03_top20_T_cell_lineage_SIMPLE_LIST.txt"
"SKI","T_cell_lineage","03_top20_T_cell_lineage_SIMPLE_LIST.txt"
"HELB","T_cell_lineage","03_top20_T_cell_lineage_SIMPLE_LIST.txt"
"BLK","T_cell_lineage","03_top20_T_cell_lineage_SIMPLE_LIST.txt"
"BLK","T_cell_lineage","03_top20_T_cell_lineage_SIMPLE_LIST.txt"
"LINC00847","T_cell_lineage","03_top20_T_cell_lineage_SIMPLE_LIST.txt"
"GEMIN2","T_cell_lineage","03_top20_T_cell_lineage_SIMPLE_LIST.txt"
"CDK13","T_cell_lineage","03_top20_T_cell_lineage_SIMPLE_LIST.txt"
"HSPA6","T_cell_lineage","03_top20_T_cell_lineage_SIMPLE_LIST.txt"
"IER5L","T_cell_lineage","03_top20_T_cell_lineage_SIMPLE_LIST.txt"
"FILIP1L","T_cell_lineage","03_top20_T_cell_lineage_SIMPLE_LIST.txt"
"LINC00526","T_cell_lineage","03_top20_T_cell_lineage_SIMPLE_LIST.txt"
"COX18","T_cell_lineage","03_top20_T_cell_lineage_SIMPLE_LIST.txt"
"IL12RB2","T_cell_lineage","03_top20_T_cell_lineage_SIMPLE_LIST.txt"
"NUP43","T_cell_lineage","03_top20_T_cell_lineage_SIMPLE_LIST.txt"
"MT1A","Unknown_Endothelial","03_top20_Unknown_Endothelial_SIMPLE_LIST.txt"
"RPS10","Unknown_Endothelial","03_top20_Unknown_Endothelial_SIMPLE_LIST.txt"
"COL6A3","Unknown_Endothelial","03_top20_Unknown_Endothelial_SIMPLE_LIST.txt"
"HSPA6","Unknown_Endothelial","03_top20_Unknown_Endothelial_SIMPLE_LIST.txt"
"RDH10","Unknown_Endothelial","03_top20_Unknown_Endothelial_SIMPLE_LIST.txt"
"FKBP1C","Unknown_Endothelial","03_top20_Unknown_Endothelial_SIMPLE_LIST.txt"
"ZMYM4-AS1","Unknown_Endothelial","03_top20_Unknown_Endothelial_SIMPLE_LIST.txt"
"PRICKLE4","Unknown_Endothelial","03_top20_Unknown_Endothelial_SIMPLE_LIST.txt"
"EEF1G","Unknown_Endothelial","03_top20_Unknown_Endothelial_SIMPLE_LIST.txt"
"CAVIN2-AS1","Unknown_Endothelial","03_top20_Unknown_Endothelial_SIMPLE_LIST.txt"
"MAP1LC3B2","Unknown_Endothelial","03_top20_Unknown_Endothelial_SIMPLE_LIST.txt"
"C17orf67","Unknown_Endothelial","03_top20_Unknown_Endothelial_SIMPLE_LIST.txt"
"TEN1","Unknown_Endothelial","03_top20_Unknown_Endothelial_SIMPLE_LIST.txt"
"ABL2","Unknown_Endothelial","03_top20_Unknown_Endothelial_SIMPLE_LIST.txt"
"PLAT","Unknown_Endothelial","03_top20_Unknown_Endothelial_SIMPLE_LIST.txt"
"ENSG00000266311","Unknown_Endothelial","03_top20_Unknown_Endothelial_SIMPLE_LIST.txt"
"DNMBP-AS1","Unknown_Endothelial","03_top20_Unknown_Endothelial_SIMPLE_LIST.txt"
"RNASEK","Unknown_Endothelial","03_top20_Unknown_Endothelial_SIMPLE_LIST.txt"
"SOX18","Unknown_Endothelial","03_top20_Unknown_Endothelial_SIMPLE_LIST.txt"
"MT1E","Unknown_Endothelial","03_top20_Unknown_Endothelial_SIMPLE_LIST.txt"
"GSTA1","Unknown_Epithelial","03_top20_Unknown_Epithelial_SIMPLE_LIST.txt"
"RSU1","Unknown_Epithelial","03_top20_Unknown_Epithelial_SIMPLE_LIST.txt"
"MT-CO3","Unknown_Epithelial","03_top20_Unknown_Epithelial_SIMPLE_LIST.txt"
"MT-ND6","Unknown_Epithelial","03_top20_Unknown_Epithelial_SIMPLE_LIST.txt"
"SYT8","Unknown_Epithelial","03_top20_Unknown_Epithelial_SIMPLE_LIST.txt"
"SYT8","Unknown_Epithelial","03_top20_Unknown_Epithelial_SIMPLE_LIST.txt"
"RARRES2","Unknown_Epithelial","03_top20_Unknown_Epithelial_SIMPLE_LIST.txt"
"CD74","Unknown_Epithelial","03_top20_Unknown_Epithelial_SIMPLE_LIST.txt"
"PGAM1","Unknown_Epithelial","03_top20_Unknown_Epithelial_SIMPLE_LIST.txt"
"ATXN7L3B","Unknown_Epithelial","03_top20_Unknown_Epithelial_SIMPLE_LIST.txt"
"CNTNAP3B","Unknown_Epithelial","03_top20_Unknown_Epithelial_SIMPLE_LIST.txt"
"CRIP1","Unknown_Epithelial","03_top20_Unknown_Epithelial_SIMPLE_LIST.txt"
"CUL2","Unknown_Epithelial","03_top20_Unknown_Epithelial_SIMPLE_LIST.txt"
"HEBP2","Unknown_Epithelial","03_top20_Unknown_Epithelial_SIMPLE_LIST.txt"
"DNAJA4","Unknown_Epithelial","03_top20_Unknown_Epithelial_SIMPLE_LIST.txt"
"IQCK","Unknown_Epithelial","03_top20_Unknown_Epithelial_SIMPLE_LIST.txt"
"GTF3C3","Unknown_Epithelial","03_top20_Unknown_Epithelial_SIMPLE_LIST.txt"
"CPM","Unknown_Epithelial","03_top20_Unknown_Epithelial_SIMPLE_LIST.txt"
"DYNC2LI1","Unknown_Epithelial","03_top20_Unknown_Epithelial_SIMPLE_LIST.txt"
"DNAI7","Unknown_Epithelial","03_top20_Unknown_Epithelial_SIMPLE_LIST.txt"
"ST6GALNAC6","Unknown_Immune","03_top20_Unknown_Immune_SIMPLE_LIST.txt"
"MYO10","Unknown_Immune","03_top20_Unknown_Immune_SIMPLE_LIST.txt"
"FRY","Unknown_Immune","03_top20_Unknown_Immune_SIMPLE_LIST.txt"
"ZNF234","Unknown_Immune","03_top20_Unknown_Immune_SIMPLE_LIST.txt"
"USP54","Unknown_Immune","03_top20_Unknown_Immune_SIMPLE_LIST.txt"
"MALL.1","Unknown_Immune","03_top20_Unknown_Immune_SIMPLE_LIST.txt"
"TAB1","Unknown_Immune","03_top20_Unknown_Immune_SIMPLE_LIST.txt"
"FIGNL1","Unknown_Immune","03_top20_Unknown_Immune_SIMPLE_LIST.txt"
"NPIPB11","Unknown_Immune","03_top20_Unknown_Immune_SIMPLE_LIST.txt"
"NPIPB11","Unknown_Immune","03_top20_Unknown_Immune_SIMPLE_LIST.txt"
"NPIPB11","Unknown_Immune","03_top20_Unknown_Immune_SIMPLE_LIST.txt"
"NTM","Unknown_Immune","03_top20_Unknown_Immune_SIMPLE_LIST.txt"
"MED21","Unknown_Immune","03_top20_Unknown_Immune_SIMPLE_LIST.txt"
"HSPA14","Unknown_Immune","03_top20_Unknown_Immune_SIMPLE_LIST.txt"
"HSPA6","Unknown_Immune","03_top20_Unknown_Immune_SIMPLE_LIST.txt"
"ZNF770","Unknown_Immune","03_top20_Unknown_Immune_SIMPLE_LIST.txt"
"ANKDD1A","Unknown_Immune","03_top20_Unknown_Immune_SIMPLE_LIST.txt"
"CCDC122","Unknown_Immune","03_top20_Unknown_Immune_SIMPLE_LIST.txt"
"ZNF563","Unknown_Immune","03_top20_Unknown_Immune_SIMPLE_LIST.txt"
"ZBTB8A","Unknown_Immune","03_top20_Unknown_Immune_SIMPLE_LIST.txt"
"ZNF593","Unknown_Stroma","03_top20_Unknown_Stroma_SIMPLE_LIST.txt"
"SHMT2","Unknown_Stroma","03_top20_Unknown_Stroma_SIMPLE_LIST.txt"
"ALG3","Unknown_Stroma","03_top20_Unknown_Stroma_SIMPLE_LIST.txt"
"RGN","Unknown_Stroma","03_top20_Unknown_Stroma_SIMPLE_LIST.txt"
"PHLDA2","Unknown_Stroma","03_top20_Unknown_Stroma_SIMPLE_LIST.txt"
"PHLDA2","Unknown_Stroma","03_top20_Unknown_Stroma_SIMPLE_LIST.txt"
"ATG101","Unknown_Stroma","03_top20_Unknown_Stroma_SIMPLE_LIST.txt"
"IFT57","Unknown_Stroma","03_top20_Unknown_Stroma_SIMPLE_LIST.txt"
"CCT3","Unknown_Stroma","03_top20_Unknown_Stroma_SIMPLE_LIST.txt"
"HTRA2","Unknown_Stroma","03_top20_Unknown_Stroma_SIMPLE_LIST.txt"
"MAP2K2","Unknown_Stroma","03_top20_Unknown_Stroma_SIMPLE_LIST.txt"
"CDH5","Unknown_Stroma","03_top20_Unknown_Stroma_SIMPLE_LIST.txt"
"TPM3","Unknown_Stroma","03_top20_Unknown_Stroma_SIMPLE_LIST.txt"
"RANBP1","Unknown_Stroma","03_top20_Unknown_Stroma_SIMPLE_LIST.txt"
"NDUFV1","Unknown_Stroma","03_top20_Unknown_Stroma_SIMPLE_LIST.txt"
"MTCH2","Unknown_Stroma","03_top20_Unknown_Stroma_SIMPLE_LIST.txt"
"MTCH2","Unknown_Stroma","03_top20_Unknown_Stroma_SIMPLE_LIST.txt"
"IFITM2","Unknown_Stroma","03_top20_Unknown_Stroma_SIMPLE_LIST.txt"
"CFAP36","Unknown_Stroma","03_top20_Unknown_Stroma_SIMPLE_LIST.txt"
"PCBP4","Unknown_Stroma","03_top20_Unknown_Stroma_SIMPLE_LIST.txt"
"ALDH5A1","Unknown_Unknown","03_top20_Unknown_Unknown_SIMPLE_LIST.txt"
"TRAPPC4","Unknown_Unknown","03_top20_Unknown_Unknown_SIMPLE_LIST.txt"
"TRAPPC4","Unknown_Unknown","03_top20_Unknown_Unknown_SIMPLE_LIST.txt"
"ERAL1","Unknown_Unknown","03_top20_Unknown_Unknown_SIMPLE_LIST.txt"
"NAA10","Unknown_Unknown","03_top20_Unknown_Unknown_SIMPLE_LIST.txt"
"SLF1","Unknown_Unknown","03_top20_Unknown_Unknown_SIMPLE_LIST.txt"
"TRAPPC5","Unknown_Unknown","03_top20_Unknown_Unknown_SIMPLE_LIST.txt"
"POLR3D","Unknown_Unknown","03_top20_Unknown_Unknown_SIMPLE_LIST.txt"
"TRABD2A","Unknown_Unknown","03_top20_Unknown_Unknown_SIMPLE_LIST.txt"
"TRABD2A","Unknown_Unknown","03_top20_Unknown_Unknown_SIMPLE_LIST.txt"
"COMMD7","Unknown_Unknown","03_top20_Unknown_Unknown_SIMPLE_LIST.txt"
"TMEM183A","Unknown_Unknown","03_top20_Unknown_Unknown_SIMPLE_LIST.txt"
"PPBP","Unknown_Unknown","03_top20_Unknown_Unknown_SIMPLE_LIST.txt"
"TRAF6","Unknown_Unknown","03_top20_Unknown_Unknown_SIMPLE_LIST.txt"
"AQP5-AS1","Unknown_Unknown","03_top20_Unknown_Unknown_SIMPLE_LIST.txt"
"COPRS","Unknown_Unknown","03_top20_Unknown_Unknown_SIMPLE_LIST.txt"
"TMEM30B","Unknown_Unknown","03_top20_Unknown_Unknown_SIMPLE_LIST.txt"
"SLC35A5","Unknown_Unknown","03_top20_Unknown_Unknown_SIMPLE_LIST.txt"
"GALK2","Unknown_Unknown","03_top20_Unknown_Unknown_SIMPLE_LIST.txt"
"THEMIS","Unknown_Unknown","03_top20_Unknown_Unknown_SIMPLE_LIST.txt"
